EmpID,First Name,Last Name,DOB,SSN,State
214,Sarah,Sarah,04-12-1985,***-**-8166,FL
15,Samantha,Samantha,08-09-1993,***-**-7526,CO
411,Stacy,Stacy,20-12-1957,***-**-8526,PA
166,Michelle,Michelle,29-07-1978,***-**-3944,MI
39,Joseph,Joseph,28-03-1985,***-**-3515,MN
423,Erica,Erica,13-10-1975,***-**-6153,NY
192,Zoe,Zoe,20-12-1967,***-**-0817,WI
162,Matthew,Matthew,20-01-1990,***-**-0346,TN
131,Shawn,Shawn,21-07-1961,***-**-1581,WV
20,April,April,07-08-1961,***-**-2014,MO
246,Vincent,Vincent,06-01-1972,***-**-2754,MT
525,Ann,Ann,22-08-1960,***-**-7911,IA
392,Jeffrey,Jeffrey,05-05-1979,***-**-2578,IL
474,Heather,Heather,23-09-1989,***-**-0904,GA
478,Melissa,Melissa,14-03-1979,***-**-6881,RI
101,Kimberly,Kimberly,04-09-1984,***-**-8680,LA
52,Monica,Monica,08-04-1988,***-**-1668,ND
182,Steven,Steven,28-05-1962,***-**-7070,NE
637,Sarah,Sarah,15-06-1972,***-**-6715,FL
510,Jesus,Jesus,28-03-1958,***-**-0770,OK
122,Rhonda,Rhonda,10-04-1963,***-**-0286,AL
294,Nicole,Nicole,09-09-1981,***-**-5228,LA
327,Jennifer,Jennifer,20-07-1977,***-**-1994,OR
145,Sandra,Sandra,30-01-1981,***-**-7629,NC
565,Michael,Michael,13-04-1987,***-**-6836,SD
590,Joseph,Joseph,28-08-1982,***-**-4744,NH
340,Michelle,Michelle,23-08-1993,***-**-2306,WA
176,Barbara,Barbara,15-12-1991,***-**-7662,IN
63,Carol,Carol,20-07-1984,***-**-4907,NJ
121,Mark,Mark,24-02-1969,***-**-2207,MS
70,Russell,Russell,16-09-1973,***-**-5514,MS
446,Michelle,Michelle,21-08-1994,***-**-5222,OK
156,Briana,Briana,31-10-1965,***-**-4542,CT
343,Shane,Shane,14-12-1958,***-**-6030,HI
599,Cassandra,Cassandra,24-01-1973,***-**-3831,MT
102,Krista,Krista,25-07-1984,***-**-7445,KY
377,Jon,Jon,13-09-1957,***-**-1689,NM
240,April,April,03-12-1993,***-**-3580,CO
455,Haley,Haley,15-01-1968,***-**-3736,ID
503,Isaac,Isaac,25-11-1989,***-**-5036,SD
269,John,John,06-01-1987,***-**-3936,NH
219,John,John,08-12-1982,***-**-4070,WV
301,Gary,Gary,11-09-1978,***-**-9672,SD
84,Amanda,Amanda,12-10-1969,***-**-2966,ME
588,Jessica,Jessica,12-09-1963,***-**-6084,NE
540,Stephanie,Stephanie,15-07-1966,***-**-9779,SD
329,Jessica,Jessica,01-02-1992,***-**-7328,MS
74,Donna,Donna,19-05-1973,***-**-7781,NM
29,Nicholas,Nicholas,20-08-1991,***-**-7882,VA
92,Wendy,Wendy,13-05-1960,***-**-0741,AZ
489,Kimberly,Kimberly,08-09-1971,***-**-3136,GA
561,Deborah,Deborah,28-05-1975,***-**-0643,MT
44,Laura,Laura,18-04-1987,***-**-3016,IN
138,Kimberly,Kimberly,07-03-1958,***-**-0707,AZ
623,Kevin,Kevin,15-05-1973,***-**-4337,OK
173,Marcia,Marcia,20-11-1972,***-**-0963,ND
148,Nicole,Nicole,11-08-1978,***-**-5508,NV
184,Katherine,Katherine,13-02-1986,***-**-8687,CA
228,Paula,Paula,22-09-1985,***-**-7734,NC
117,Joan,Joan,27-02-1973,***-**-5429,NM
544,Stephen,Stephen,28-11-1962,***-**-1621,NV
116,Rebecca,Rebecca,30-09-1962,***-**-9126,MN
622,Lindsay,Lindsay,28-04-1973,***-**-6742,DE
376,Justin,Justin,03-07-1983,***-**-7892,AK
100,Michelle,Michelle,25-01-1961,***-**-4112,GA
222,Timothy,Timothy,11-08-1985,***-**-4460,SC
506,Karen,Karen,05-01-1976,***-**-5174,OH
59,Alexis,Alexis,01-03-1962,***-**-9185,KY
456,Susan,Susan,18-09-1961,***-**-3222,AL
389,Amber,Amber,26-08-1958,***-**-3120,OH
236,Taylor,Taylor,17-07-1983,***-**-2641,NJ
78,Tracy,Tracy,27-09-1993,***-**-8339,ID
253,Jason,Jason,27-02-1981,***-**-2601,AZ
67,Jonathan,Jonathan,15-06-1973,***-**-7126,SC
642,Sara,Sara,21-06-1959,***-**-6918,MS
279,Jeffrey,Jeffrey,23-05-1969,***-**-4559,UT
41,April,April,11-03-1986,***-**-9544,DE
30,Ryan,Ryan,05-02-1973,***-**-2883,IN
462,Rachel,Rachel,24-07-1989,***-**-1379,AL
87,Amber,Amber,20-06-1984,***-**-4567,LA
26,Tony,Tony,08-10-1968,***-**-7749,UT
553,Robert,Robert,04-10-1981,***-**-6302,OH
151,Sarah,Sarah,05-07-1987,***-**-5549,WY
523,Margaret,Margaret,19-12-1968,***-**-4633,CA
434,Tina,Tina,01-03-1988,***-**-0333,TN
1,Isaac,Isaac,16-10-1987,***-**-4728,WY
365,Phillip,Phillip,24-04-1961,***-**-5132,VT
230,Brian,Brian,18-09-1979,***-**-9324,NV
357,Teresa,Teresa,12-08-1994,***-**-9378,IN
142,Timothy,Timothy,21-11-1993,***-**-1270,WV
606,Lori,Lori,21-08-1980,***-**-9489,AK
129,Brittany,Brittany,21-11-1985,***-**-0950,CO
34,Matthew,Matthew,09-03-1974,***-**-2560,CA
190,Francisco,Francisco,18-08-1972,***-**-0367,WI
259,Ashley,Ashley,06-12-1979,***-**-7953,OR
471,Brandi,Brandi,23-07-1979,***-**-2997,MD
362,Garrett,Garrett,20-12-1974,***-**-1192,PA
620,Robert,Robert,19-04-1985,***-**-0735,NE
299,Lee,Lee,19-06-1967,***-**-0867,WV
213,Jessica,Jessica,30-04-1959,***-**-9076,DE
427,Russell,Russell,15-02-1973,***-**-2395,OH
105,Catherine,Catherine,03-10-1989,***-**-2969,WY
260,Sheri,Sheri,12-03-1986,***-**-9319,NH
547,Craig,Craig,27-02-1968,***-**-3498,ND
28,Brandon,Brandon,30-09-1969,***-**-6416,AK
486,Karla,Karla,18-11-1962,***-**-7524,VT
300,Ernest,Ernest,15-07-1990,***-**-9800,FL
501,John,John,15-05-1989,***-**-7554,MT
584,Roberto,Roberto,04-05-1968,***-**-3936,LA
453,Tom,Tom,24-01-1980,***-**-1663,IA
16,Jennifer,Jennifer,17-01-1966,***-**-1698,MI
185,Courtney,Courtney,25-11-1961,***-**-8268,NE
223,Jasmine,Jasmine,13-05-1971,***-**-2427,MD
290,Amy,Amy,24-06-1969,***-**-2636,CA
71,Melvin,Melvin,06-05-1994,***-**-4970,AK
73,Amanda,Amanda,25-10-1957,***-**-8942,MS
549,Anthony,Anthony,10-03-1987,***-**-6484,ND
359,Kaitlyn,Kaitlyn,23-11-1965,***-**-7712,NH
631,Rebecca,Rebecca,17-03-1977,***-**-9010,FL
585,James,James,02-09-1987,***-**-8491,ME
641,Gina,Gina,05-02-1964,***-**-3596,HI
564,Tyler,Tyler,06-05-1983,***-**-7298,KS
149,Hannah,Hannah,28-12-1984,***-**-7228,NY
430,Anthony,Anthony,20-04-1976,***-**-1311,CT
587,Jessica,Jessica,02-05-1981,***-**-7152,WI
420,Jonathan,Jonathan,03-01-1980,***-**-7840,VT
625,Richard,Richard,17-09-1987,***-**-9513,IN
319,Madison,Madison,11-03-1966,***-**-3750,DE
18,Kathryn,Kathryn,07-08-1993,***-**-8028,GA
535,Kristina,Kristina,28-03-1958,***-**-5885,CT
417,Kathryn,Kathryn,09-04-1957,***-**-8017,CO
391,Jerry,Jerry,02-03-1982,***-**-9737,WA
274,Karen,Karen,30-07-1994,***-**-3813,CT
270,Daniel,Daniel,24-04-1972,***-**-6724,TX
537,Stephanie,Stephanie,30-08-1968,***-**-3547,TN
341,Michael,Michael,29-04-1977,***-**-6378,LA
402,Steven,Steven,01-04-1991,***-**-9437,MT
476,Brenda,Brenda,15-07-1957,***-**-7869,TX
367,Rhonda,Rhonda,27-06-1969,***-**-5595,ME
407,Tracy,Tracy,26-01-1960,***-**-8950,VT
280,Dawn,Dawn,14-04-1981,***-**-9216,NE
524,Matthew,Matthew,29-08-1958,***-**-2780,FL
57,Joel,Joel,20-09-1979,***-**-6637,FL
312,Paula,Paula,15-08-1978,***-**-1746,OH
649,Paul,Paul,23-05-1976,***-**-7411,WI
488,Frederick,Frederick,02-01-1978,***-**-0114,MI
139,Melissa,Melissa,17-03-1959,***-**-9454,OR
412,Jennifer,Jennifer,15-01-1969,***-**-9026,AK
5,Cassandra,Cassandra,02-09-1986,***-**-1151,IL
153,Anthony,Anthony,17-12-1965,***-**-9162,WI
321,Cynthia,Cynthia,11-08-1976,***-**-3428,RI
541,Oscar,Oscar,07-04-1990,***-**-5243,IL
406,Amanda,Amanda,19-11-1980,***-**-7721,AR
204,Vincent,Vincent,22-08-1961,***-**-5624,UT
567,Lauren,Lauren,19-12-1976,***-**-3299,GA
187,Stacey,Stacey,17-06-1961,***-**-1470,CA
460,Amanda,Amanda,16-04-1971,***-**-9388,NE
212,Amanda,Amanda,07-12-1973,***-**-2368,AR
617,Joshua,Joshua,20-03-1992,***-**-6050,ID
353,Becky,Becky,05-04-1987,***-**-4807,MI
383,Laura,Laura,04-09-1978,***-**-5712,FL
91,Joshua,Joshua,31-12-1970,***-**-7318,WI
429,Randall,Randall,11-04-1969,***-**-0666,TX
40,Michelle,Michelle,31-07-1979,***-**-2595,SC
298,Emily,Emily,10-07-1974,***-**-6906,RI
400,Jessica,Jessica,15-12-1976,***-**-4271,KY
480,Jeffrey,Jeffrey,23-12-1968,***-**-7392,WA
375,Jennifer,Jennifer,24-11-1990,***-**-2614,AR
626,Joshua,Joshua,14-10-1979,***-**-4169,NM
97,Frank,Frank,13-12-1976,***-**-5611,AZ
291,Cody,Cody,29-01-1965,***-**-8099,AL
614,Cody,Cody,09-03-1979,***-**-5896,VT
552,Jaclyn,Jaclyn,13-12-1985,***-**-5336,SD
338,Kaitlyn,Kaitlyn,15-06-1965,***-**-0939,MN
513,Allison,Allison,04-04-1994,***-**-8932,UT
231,Heather,Heather,08-06-1969,***-**-2886,WV
443,Carrie,Carrie,08-08-1980,***-**-8236,MA
140,David,David,14-08-1967,***-**-9234,NE
96,Harold,Harold,20-08-1965,***-**-7098,NM
531,Alex,Alex,27-11-1978,***-**-6911,KY
403,Steven,Steven,01-01-1978,***-**-0637,NJ
580,Barbara,Barbara,11-11-1971,***-**-5120,NE
113,Theresa,Theresa,23-02-1976,***-**-2404,IA
289,Michael,Michael,05-09-1964,***-**-2946,CO
247,Brian,Brian,01-05-1989,***-**-3628,AZ
472,Carolyn,Carolyn,16-11-1962,***-**-2185,RI
582,Breanna,Breanna,03-06-1994,***-**-8593,NC
265,Anne,Anne,11-11-1981,***-**-8560,NY
281,Tara,Tara,22-09-1975,***-**-7048,NY
330,Joyce,Joyce,10-10-1980,***-**-4819,VA
372,Sydney,Sydney,24-01-1959,***-**-8264,FL
628,Lindsay,Lindsay,19-09-1977,***-**-4792,NV
445,Darrell,Darrell,14-03-1986,***-**-2653,UT
316,Thomas,Thomas,07-08-1965,***-**-2441,NJ
499,Carolyn,Carolyn,20-04-1991,***-**-2117,DE
528,Karen,Karen,13-04-1986,***-**-9411,ND
242,Ronald,Ronald,20-04-1988,***-**-6742,GA
632,Donna,Donna,01-09-1986,***-**-3144,MS
313,Molly,Molly,23-02-1991,***-**-7938,WA
89,Jeffrey,Jeffrey,02-06-1974,***-**-8359,KS
130,Tabitha,Tabitha,19-01-1975,***-**-8386,IA
3,Melissa,Melissa,08-12-1982,***-**-9382,MT
586,George,George,15-11-1979,***-**-2111,AZ
355,Cheryl,Cheryl,03-09-1993,***-**-2522,ID
532,Jeffrey,Jeffrey,12-01-1972,***-**-0457,MT
326,Wendy,Wendy,20-04-1979,***-**-4078,NY
225,Elizabeth,Elizabeth,01-12-1981,***-**-8375,AR
191,Charles,Charles,22-05-1990,***-**-9288,SC
444,Jeffrey,Jeffrey,14-12-1970,***-**-7671,MD
490,Judith,Judith,25-01-1971,***-**-6779,IN
609,Amanda,Amanda,10-04-1971,***-**-2683,SC
47,Stephen,Stephen,27-12-1984,***-**-5500,CA
508,Nancy,Nancy,13-02-1988,***-**-1027,MD
388,Joshua,Joshua,13-05-1971,***-**-4897,FL
331,Lisa,Lisa,07-02-1980,***-**-2075,CA
264,Jessica,Jessica,18-08-1967,***-**-8568,NV
589,George,George,17-04-1990,***-**-4162,NM
278,Jonathan,Jonathan,08-11-1990,***-**-0506,CO
526,Carol,Carol,01-02-1959,***-**-6248,IL
205,Susan,Susan,18-03-1983,***-**-5874,CT
199,Christopher,Christopher,30-08-1969,***-**-1053,NY
550,Paul,Paul,14-05-1990,***-**-6565,MD
103,David,David,26-03-1971,***-**-5176,MS
465,Barbara,Barbara,22-10-1993,***-**-9440,KS
348,Nicholas,Nicholas,22-05-1985,***-**-1196,MD
158,John,John,09-10-1966,***-**-8394,NE
361,Shelby,Shelby,09-01-1992,***-**-7391,ME
610,Judith,Judith,29-08-1973,***-**-3792,FL
235,Justin,Justin,19-09-1969,***-**-2854,WY
442,Laura,Laura,14-09-1988,***-**-2068,IL
215,Jesse,Jesse,29-12-1989,***-**-0642,WV
17,Amy,Amy,02-04-1992,***-**-5581,MN
363,Joshua,Joshua,06-11-1976,***-**-1375,IN
438,Robert,Robert,28-03-1986,***-**-0776,NE
111,Lisa,Lisa,27-06-1966,***-**-5946,OH
396,Timothy,Timothy,27-11-1978,***-**-5842,IL
255,Kim,Kim,09-03-1973,***-**-6351,SC
226,Andrew,Andrew,11-06-1962,***-**-7248,TN
652,Veronica,Veronica,22-10-1958,***-**-4723,IA
64,Bob,Bob,14-01-1982,***-**-8100,SD
415,Timothy,Timothy,25-09-1977,***-**-7493,IN
354,David,David,26-11-1985,***-**-6963,WV
517,Tony,Tony,19-10-1980,***-**-5360,ID
292,Andrea,Andrea,17-07-1981,***-**-0698,WA
579,William,William,16-06-1974,***-**-3440,WY
181,Daniel,Daniel,15-11-1992,***-**-9595,KY
556,David,David,30-10-1983,***-**-2451,NY
351,Justin,Justin,29-01-1961,***-**-6761,AK
405,Sara,Sara,23-07-1964,***-**-3953,WV
647,Adam,Adam,09-05-1988,***-**-5674,TN
646,Debra,Debra,02-04-1969,***-**-7111,KS
79,Jennifer,Jennifer,04-12-1988,***-**-1210,RI
371,Lori,Lori,14-06-1988,***-**-7062,MI
542,Cory,Cory,27-03-1985,***-**-0325,NV
261,Denise,Denise,20-09-1966,***-**-7879,UT
368,Anthony,Anthony,05-09-1957,***-**-0437,MA
439,Leonard,Leonard,17-10-1986,***-**-1991,NE
82,Donald,Donald,16-07-1960,***-**-6930,MI
431,Christopher,Christopher,24-08-1979,***-**-2737,VT
155,Donald,Donald,27-02-1976,***-**-1562,NJ
189,Matthew,Matthew,25-02-1986,***-**-6697,MS
393,Brianna,Brianna,11-06-1965,***-**-4666,MT
451,Jacqueline,Jacqueline,13-02-1981,***-**-8948,SC
22,Mary,Mary,18-02-1964,***-**-8701,GA
470,Steven,Steven,01-12-1985,***-**-1803,NH
384,Edward,Edward,19-08-1980,***-**-1355,KY
7,John,John,07-01-1992,***-**-0413,PA
258,Jared,Jared,16-07-1977,***-**-9304,VT
568,Kathleen,Kathleen,04-02-1970,***-**-3356,NH
56,Johnny,Johnny,16-08-1965,***-**-4164,NH
621,Frank,Frank,08-02-1971,***-**-1100,IL
49,Stephanie,Stephanie,26-03-1957,***-**-6249,RI
397,Angela,Angela,13-09-1992,***-**-3459,KS
36,Trevor,Trevor,26-04-1967,***-**-3462,WV
33,Gregory,Gregory,19-05-1969,***-**-8879,KS
224,Michael,Michael,03-11-1982,***-**-6809,NC
634,George,George,31-01-1989,***-**-0195,IA
144,Michael,Michael,22-01-1986,***-**-0161,AZ
491,Susan,Susan,27-05-1973,***-**-0355,IN
309,Luis,Luis,11-05-1988,***-**-6955,WI
211,Victoria,Victoria,07-03-1990,***-**-5518,ND
475,Roger,Roger,13-01-1976,***-**-4515,OR
493,Jenny,Jenny,10-11-1983,***-**-1434,WI
128,Joshua,Joshua,30-09-1965,***-**-8369,PA
262,James,James,25-02-1979,***-**-8546,AL
597,David,David,21-04-1974,***-**-4614,MN
325,Beth,Beth,30-04-1961,***-**-1223,PA
573,Lindsay,Lindsay,24-09-1986,***-**-1306,KS
55,Amber,Amber,27-04-1982,***-**-6610,NY
132,Oscar,Oscar,03-04-1977,***-**-0620,IL
401,Anthony,Anthony,04-06-1994,***-**-2490,CA
483,Tracie,Tracie,01-07-1983,***-**-7833,DE
424,Corey,Corey,08-11-1970,***-**-3228,OR
188,Anthony,Anthony,04-11-1981,***-**-7043,WY
272,Kendra,Kendra,11-09-1967,***-**-2658,IN
545,Debbie,Debbie,17-02-1993,***-**-8022,PA
193,Miranda,Miranda,27-03-1964,***-**-2359,IL
593,Catherine,Catherine,11-08-1968,***-**-6401,RI
463,Nicholas,Nicholas,07-06-1984,***-**-0704,GA
334,Laura,Laura,05-07-1969,***-**-4775,GA
596,Jill,Jill,07-04-1983,***-**-7889,MN
373,Lauren,Lauren,26-12-1970,***-**-7600,KS
635,Anthony,Anthony,07-06-1986,***-**-6004,WY
315,Patrick,Patrick,07-05-1967,***-**-4036,NC
120,Brett,Brett,20-01-1976,***-**-8337,WI
110,Andrea,Andrea,05-02-1983,***-**-1089,CO
68,Charles,Charles,01-02-1993,***-**-5142,MT
14,Jeff,Jeff,21-12-1978,***-**-2191,MA
200,Natalie,Natalie,14-06-1971,***-**-2753,MA
62,Tracy,Tracy,17-11-1969,***-**-0822,NC
263,Michael,Michael,14-02-1990,***-**-6162,SC
257,Ray,Ray,09-03-1968,***-**-5774,CA
61,Tracey,Tracey,28-04-1976,***-**-5107,WY
107,Alexander,Alexander,05-07-1992,***-**-4136,HI
322,Lisa,Lisa,05-01-1977,***-**-4670,NM
2,Tamara,Tamara,03-04-1987,***-**-7430,SC
81,Christopher,Christopher,19-04-1992,***-**-7096,MA
337,Jose,Jose,20-01-1991,***-**-7256,PA
93,Carrie,Carrie,07-02-1966,***-**-8007,GA
366,Crystal,Crystal,30-04-1991,***-**-6884,NY
287,Caroline,Caroline,20-10-1959,***-**-7816,NV
66,Carol,Carol,01-08-1959,***-**-8196,OR
243,Alexandra,Alexandra,27-12-1973,***-**-3414,AR
603,Krystal,Krystal,15-05-1990,***-**-6839,AZ
277,Melanie,Melanie,21-06-1976,***-**-2869,MN
583,Tracey,Tracey,09-01-1973,***-**-9722,AR
268,Eric,Eric,09-12-1976,***-**-2136,GA
234,Olivia,Olivia,15-09-1991,***-**-7631,NM
320,Daniel,Daniel,24-12-1969,***-**-3333,NJ
461,Roberto,Roberto,03-07-1964,***-**-9982,MO
232,Lawrence,Lawrence,15-06-1987,***-**-1303,MO
13,Michael,Michael,17-02-1965,***-**-2820,KS
108,Ashley,Ashley,09-09-1973,***-**-3168,MA
216,Jesus,Jesus,10-12-1975,***-**-2648,MS
304,Jody,Jody,08-01-1978,***-**-6681,CT
94,Joseph,Joseph,23-11-1993,***-**-4445,MD
171,Eric,Eric,05-01-1993,***-**-8141,SC
466,Christopher,Christopher,09-11-1975,***-**-7919,VT
498,Jennifer,Jennifer,03-02-1959,***-**-2413,AR
180,Victor,Victor,07-12-1957,***-**-5844,WA
9,Christine,Christine,05-12-1972,***-**-6538,AL
170,Amanda,Amanda,03-12-1961,***-**-1013,NJ
172,Nancy,Nancy,13-03-1983,***-**-4965,AK
46,Kimberly,Kimberly,03-07-1990,***-**-7861,AZ
576,Laura,Laura,04-06-1971,***-**-5040,AZ
11,Robert,Robert,23-04-1982,***-**-0627,IA
80,Jessica,Jessica,11-12-1981,***-**-6296,KY
77,Cynthia,Cynthia,08-07-1990,***-**-0500,NC
555,Aaron,Aaron,15-10-1978,***-**-3379,MI
95,Autumn,Autumn,02-01-1965,***-**-9763,OK
595,Danielle,Danielle,15-08-1963,***-**-0413,TX
543,Deborah,Deborah,20-10-1986,***-**-9690,MT
227,Kathy,Kathy,19-07-1972,***-**-3934,AR
572,Tim,Tim,22-04-1967,***-**-8047,NC
387,Renee,Renee,09-11-1970,***-**-2594,MO
380,Bryan,Bryan,19-04-1959,***-**-4659,FL
203,Rhonda,Rhonda,13-12-1974,***-**-3754,WV
636,Jonathan,Jonathan,17-06-1963,***-**-8490,MO
256,Sydney,Sydney,12-01-1977,***-**-5923,FL
85,Janet,Janet,08-12-1972,***-**-0243,UT
520,Steve,Steve,19-08-1978,***-**-9820,WA
233,Craig,Craig,25-12-1957,***-**-8248,ND
410,Andrew,Andrew,11-04-1963,***-**-7838,MA
485,Miguel,Miguel,10-06-1992,***-**-1852,ME
630,Samuel,Samuel,02-03-1969,***-**-9480,SC
295,Cynthia,Cynthia,29-05-1962,***-**-8148,MA
487,Adam,Adam,20-06-1960,***-**-3185,AK
616,Courtney,Courtney,03-04-1984,***-**-3672,SD
435,Brandon,Brandon,07-08-1966,***-**-4780,IL
349,Rachel,Rachel,06-02-1985,***-**-5213,GA
557,Manuel,Manuel,07-03-1981,***-**-0042,WA
425,Gregory,Gregory,23-08-1984,***-**-6395,NC
273,Donna,Donna,03-08-1962,***-**-6360,NH
69,David,David,10-03-1992,***-**-0749,MS
571,Gregory,Gregory,21-11-1977,***-**-7057,NV
169,Daniel,Daniel,24-09-1975,***-**-4870,MS
495,Jonathan,Jonathan,08-06-1989,***-**-2026,MT
350,Heather,Heather,17-09-1984,***-**-2527,WA
395,Cindy,Cindy,30-10-1986,***-**-0435,NH
75,Dalton,Dalton,24-12-1977,***-**-8792,ME
244,Jon,Jon,18-06-1967,***-**-8771,TN
509,Amber,Amber,04-09-1983,***-**-5604,LA
339,Steven,Steven,18-06-1972,***-**-9767,IN
534,Victoria,Victoria,04-01-1971,***-**-6283,WA
419,Karl,Karl,14-12-1974,***-**-6649,TX
386,Alicia,Alicia,24-12-1966,***-**-8324,CO
328,Max,Max,17-08-1960,***-**-4918,SC
612,Richard,Richard,30-06-1979,***-**-0117,MT
502,Heather,Heather,22-12-1971,***-**-1698,AR
390,Amy,Amy,12-10-1965,***-**-2150,UT
404,Brandon,Brandon,12-12-1973,***-**-5658,AZ
159,Terrance,Terrance,15-01-1981,***-**-5340,VA
115,Jessica,Jessica,27-04-1960,***-**-9784,VA
422,Corey,Corey,09-03-1966,***-**-4578,MS
250,Frank,Frank,17-11-1958,***-**-3591,MS
638,Monica,Monica,14-10-1975,***-**-3158,MS
414,Tammy,Tammy,07-09-1961,***-**-7381,NM
127,Corey,Corey,13-08-1982,***-**-9114,DE
440,Linda,Linda,23-01-1994,***-**-7298,SD
594,Travis,Travis,12-10-1967,***-**-7968,TN
114,Linda,Linda,08-08-1975,***-**-0620,CT
109,Anthony,Anthony,09-02-1962,***-**-1396,VT
515,Christopher,Christopher,03-11-1959,***-**-5547,CT
31,Tracy,Tracy,06-08-1980,***-**-1904,RI
605,Matthew,Matthew,26-03-1978,***-**-6667,ID
421,Donna,Donna,19-01-1973,***-**-3401,NY
536,Alexis,Alexis,11-08-1963,***-**-6449,TN
267,Stephen,Stephen,18-03-1967,***-**-9288,CO
210,Nicole,Nicole,01-05-1963,***-**-0265,PA
560,Daniel,Daniel,16-06-1976,***-**-7915,AK
302,Dylan,Dylan,16-04-1966,***-**-4597,CO
640,Jason,Jason,06-06-1970,***-**-5627,LA
449,Jennifer,Jennifer,08-10-1973,***-**-2874,WY
202,Stephen,Stephen,30-06-1985,***-**-5741,AZ
168,Douglas,Douglas,07-04-1981,***-**-9028,MA
119,Diane,Diane,26-10-1968,***-**-1654,HI
613,Benjamin,Benjamin,26-07-1974,***-**-3940,CO
473,Stephanie,Stephanie,08-09-1983,***-**-8885,LA
615,Lynn,Lynn,17-09-1973,***-**-6531,ME
10,Malik,Malik,02-02-1958,***-**-4261,ID
86,David,David,28-07-1973,***-**-5706,OK
500,Nathan,Nathan,11-01-1968,***-**-6468,WI
38,Maria,Maria,17-07-1970,***-**-3505,MA
633,Michael,Michael,15-09-1963,***-**-4120,WA
530,Nathan,Nathan,17-04-1979,***-**-9334,CA
177,James,James,01-06-1958,***-**-4595,CA
266,Erika,Erika,02-02-1977,***-**-1552,AL
4,Stephanie,Stephanie,06-04-1967,***-**-0580,DE
12,Anthony,Anthony,25-12-1969,***-**-5284,RI
477,Richard,Richard,17-10-1962,***-**-5295,KY
575,Matthew,Matthew,10-06-1973,***-**-9588,NJ
37,Anthony,Anthony,04-10-1990,***-**-1051,MA
360,Justin,Justin,21-09-1961,***-**-6120,NC
134,Miguel,Miguel,21-12-1964,***-**-5477,OH
416,Jeffrey,Jeffrey,24-09-1976,***-**-2699,IN
45,Raymond,Raymond,09-04-1957,***-**-8575,FL
441,Brandon,Brandon,10-09-1966,***-**-8353,UT
323,Brandon,Brandon,06-07-1982,***-**-1657,TN
58,Bryce,Bryce,03-07-1994,***-**-1674,AZ
639,Blake,Blake,25-02-1973,***-**-0572,NC
484,Gregory,Gregory,21-08-1960,***-**-5605,CO
50,Alyssa,Alyssa,24-08-1964,***-**-2643,WA
533,Cynthia,Cynthia,11-11-1960,***-**-2024,ID
611,Amber,Amber,03-12-1969,***-**-7515,NM
563,Steve,Steve,02-07-1957,***-**-7390,MI
562,Charles,Charles,29-02-1968,***-**-2710,FL
559,Mackenzie,Mackenzie,28-02-1990,***-**-6862,AL
481,Aaron,Aaron,29-05-1964,***-**-8792,SD
195,Joshua,Joshua,08-02-1984,***-**-1226,GA
186,Alexander,Alexander,24-10-1975,***-**-7833,ND
160,Ashley,Ashley,18-06-1983,***-**-4884,AL
143,Joshua,Joshua,11-04-1988,***-**-9528,VT
492,Steven,Steven,18-08-1994,***-**-4594,TX
6,Jack,Jack,05-07-1975,***-**-4734,NY
88,Roberto,Roberto,20-01-1992,***-**-8779,MA
161,Michael,Michael,05-06-1981,***-**-4033,NM
83,Carl,Carl,11-12-1965,***-**-8325,LA
254,Paul,Paul,22-07-1976,***-**-7697,IN
464,Kathryn,Kathryn,04-08-1960,***-**-0099,OH
284,Daniel,Daniel,31-10-1973,***-**-8215,MS
25,Jesse,Jesse,30-01-1961,***-**-3664,SC
218,Brandon,Brandon,01-08-1991,***-**-5586,VA
99,Sandra,Sandra,08-06-1974,***-**-7890,GA
356,Jeffrey,Jeffrey,07-12-1957,***-**-3851,CT
317,Richard,Richard,21-02-1957,***-**-8008,ND
229,Joanna,Joanna,07-03-1984,***-**-1576,IN
581,Angelica,Angelica,06-06-1992,***-**-7139,AR
452,Jennifer,Jennifer,06-03-1976,***-**-3901,NM
518,James,James,30-06-1957,***-**-1319,CA
479,Krystal,Krystal,31-01-1961,***-**-8909,TX
245,Christopher,Christopher,01-02-1981,***-**-4713,IN
653,Luis,Luis,18-07-1965,***-**-3601,HI
19,Lynn,Lynn,24-03-1985,***-**-8776,RI
650,Anthony,Anthony,12-12-1960,***-**-3754,NJ
137,Jessica,Jessica,29-12-1970,***-**-2911,MS
619,Michelle,Michelle,13-09-1972,***-**-8147,TN
654,Victor,Victor,17-01-1959,***-**-2267,TN
201,Martin,Martin,06-04-1972,***-**-7978,NY
165,Pamela,Pamela,15-11-1962,***-**-5312,NC
310,Christopher,Christopher,05-09-1958,***-**-6855,SC
141,Annette,Annette,15-03-1959,***-**-1866,FL
600,Travis,Travis,10-01-1974,***-**-4313,NJ
529,Brian,Brian,28-07-1976,***-**-2839,IL
369,Sharon,Sharon,23-10-1967,***-**-7596,DE
32,Brian,Brian,14-02-1967,***-**-8194,HI
522,Dana,Dana,10-10-1962,***-**-3761,VA
651,Maria,Maria,12-05-1958,***-**-9113,CA
608,Julia,Julia,17-06-1960,***-**-3759,NH
336,Sarah,Sarah,12-09-1964,***-**-3882,IA
516,Trevor,Trevor,29-07-1980,***-**-2488,ND
514,Michael,Michael,11-04-1962,***-**-6015,ME
426,Louis,Louis,13-11-1959,***-**-7111,CO
497,Ryan,Ryan,24-04-1964,***-**-2228,OK
468,Joan,Joan,06-01-1964,***-**-8092,KY
24,Karen,Karen,17-06-1967,***-**-4888,VT
221,Christian,Christian,30-04-1992,***-**-6104,AL
217,Kristopher,Kristopher,20-10-1982,***-**-3545,HI
399,Cheryl,Cheryl,21-07-1963,***-**-3300,TN
285,Jeffrey,Jeffrey,20-12-1993,***-**-9625,MS
21,Jamie,Jamie,11-06-1984,***-**-1529,NV
447,Adam,Adam,20-12-1973,***-**-6337,ID
601,Joshua,Joshua,01-08-1984,***-**-3344,HI
378,Donald,Donald,02-10-1989,***-**-5788,CT
548,Wendy,Wendy,18-03-1957,***-**-7962,HI
42,Dana,Dana,06-08-1980,***-**-4700,FL
344,Brett,Brett,27-02-1970,***-**-5338,OK
252,Erica,Erica,05-11-1980,***-**-0341,SC
428,William,William,31-01-1989,***-**-1954,VT
220,Karen,Karen,29-01-1986,***-**-6243,AZ
118,Virginia,Virginia,04-12-1978,***-**-9307,MI
618,Tamara,Tamara,18-08-1968,***-**-6329,NJ
370,John,John,24-07-1983,***-**-7354,OR
23,Alex,Alex,23-12-1964,***-**-4744,CT
511,Theresa,Theresa,08-01-1973,***-**-9276,IL
43,Glenn,Glenn,29-11-1970,***-**-5246,NE
311,Carrie,Carrie,16-07-1963,***-**-7399,WI
136,Michael,Michael,13-09-1974,***-**-3346,NE
72,Michele,Michele,12-04-1981,***-**-5875,IN
65,Gina,Gina,05-04-1992,***-**-2359,PA
577,Elizabeth,Elizabeth,07-04-1959,***-**-7821,NM
35,Michael,Michael,21-07-1958,***-**-1842,FL
296,Spencer,Spencer,18-09-1959,***-**-7753,IN
578,Kevin,Kevin,26-08-1992,***-**-8582,IN
98,Steven,Steven,19-11-1980,***-**-2061,VA
569,Mario,Mario,03-05-1979,***-**-3035,MA
248,Billy,Billy,29-01-1958,***-**-3100,VT
433,Katie,Katie,09-07-1970,***-**-7579,MA
307,William,William,24-04-1983,***-**-6013,MO
398,Kendra,Kendra,07-10-1957,***-**-0633,CA
60,Kimberly,Kimberly,20-03-1979,***-**-9022,OH
282,Judy,Judy,17-10-1968,***-**-2012,NV
436,Alexandra,Alexandra,08-04-1978,***-**-3418,ND
318,Patricia,Patricia,28-07-1965,***-**-5775,CO
494,Kylie,Kylie,10-01-1965,***-**-3816,CT
644,Randy,Randy,29-06-1980,***-**-9087,OR
413,Glenda,Glenda,18-05-1987,***-**-7625,NY
345,Erin,Erin,29-04-1980,***-**-5815,SD
123,Donna,Donna,30-03-1957,***-**-1819,SD
208,Brandon,Brandon,12-02-1974,***-**-3375,PA
346,Paul,Paul,22-02-1985,***-**-4729,PA
385,Hannah,Hannah,21-12-1960,***-**-5897,PA
454,Autumn,Autumn,24-07-1974,***-**-7279,CA
209,Steven,Steven,31-05-1986,***-**-6852,DE
271,Miguel,Miguel,25-09-1986,***-**-0302,UT
152,Kim,Kim,03-08-1964,***-**-3452,SC
283,Heidi,Heidi,31-01-1993,***-**-9545,OH
592,Nicholas,Nicholas,19-06-1976,***-**-8728,KS
469,Michael,Michael,22-06-1982,***-**-9379,WV
306,Gregory,Gregory,05-07-1981,***-**-1510,OH
237,Jennifer,Jennifer,30-06-1969,***-**-9009,OK
457,April,April,25-10-1990,***-**-8318,KS
293,Francisco,Francisco,12-08-1972,***-**-1836,ND
374,Roger,Roger,02-11-1975,***-**-6293,GA
276,Gabriela,Gabriela,10-01-1976,***-**-5792,AZ
112,Stephanie,Stephanie,05-12-1965,***-**-0840,MD
333,Sarah,Sarah,09-08-1962,***-**-3997,AZ
546,Ernest,Ernest,24-09-1971,***-**-2003,NJ
496,Alexandra,Alexandra,06-03-1976,***-**-2206,AK
504,Henry,Henry,20-11-1984,***-**-7954,OK
126,Charles,Charles,31-08-1984,***-**-8407,NV
418,Keith,Keith,26-02-1988,***-**-4803,IA
566,Lindsay,Lindsay,24-08-1972,***-**-8895,AL
249,Jennifer,Jennifer,05-07-1990,***-**-2943,RI
624,Mark,Mark,20-11-1962,***-**-7406,AR
358,Dawn,Dawn,05-08-1960,***-**-0942,NC
197,Keith,Keith,10-05-1975,***-**-7953,MO
538,Joseph,Joseph,12-03-1960,***-**-3836,LA
164,Michael,Michael,10-03-1966,***-**-3459,SD
450,Blake,Blake,17-01-1961,***-**-8076,ND
602,Amy,Amy,22-08-1994,***-**-9448,SC
239,Robert,Robert,03-10-1968,***-**-8902,AR
627,Robert,Robert,13-08-1988,***-**-5405,MD
459,Tammy,Tammy,06-03-1981,***-**-0677,RI
394,Allison,Allison,27-03-1992,***-**-1605,NV
554,James,James,29-11-1989,***-**-3276,IA
90,Sabrina,Sabrina,03-02-1958,***-**-2668,ID
364,Rachel,Rachel,26-10-1983,***-**-7638,SD
574,William,William,17-08-1973,***-**-4706,CA
607,Donna,Donna,16-09-1968,***-**-9127,MA
157,Tammy,Tammy,26-01-1961,***-**-8283,OH
241,Debra,Debra,16-10-1957,***-**-9872,MN
558,James,James,01-03-1957,***-**-7935,SD
324,Robert,Robert,11-03-1957,***-**-5246,NM
183,Chad,Chad,05-11-1990,***-**-0638,IL
381,Luke,Luke,05-01-1986,***-**-5912,MI
505,Corey,Corey,06-09-1978,***-**-9787,MO
437,Joshua,Joshua,30-10-1987,***-**-5727,NE
135,Jeffery,Jeffery,01-06-1993,***-**-4791,KY
27,Michael,Michael,03-01-1994,***-**-6223,NC
48,Christopher,Christopher,23-02-1977,***-**-6535,HI
286,Laura,Laura,22-10-1966,***-**-5794,AL
308,Jessica,Jessica,16-09-1968,***-**-2121,FL
163,Kristy,Kristy,12-11-1973,***-**-9892,WA
275,Rachel,Rachel,19-11-1974,***-**-3474,ND
521,Tyrone,Tyrone,31-01-1986,***-**-5932,VA
53,Angela,Angela,17-02-1963,***-**-2921,ME
539,Teresa,Teresa,12-05-1975,***-**-1580,IN
482,Edwin,Edwin,27-07-1981,***-**-6206,PA
342,Hannah,Hannah,05-06-1978,***-**-9383,LA
150,Kevin,Kevin,14-03-1994,***-**-8418,DE
448,Trevor,Trevor,28-07-1959,***-**-5747,OR
604,Emily,Emily,24-04-1989,***-**-5242,MN
154,Emma,Emma,25-02-1960,***-**-2668,ND
591,Lisa,Lisa,22-07-1980,***-**-7446,WI
196,Jennifer,Jennifer,04-02-1975,***-**-2581,MD
507,Dylan,Dylan,01-11-1971,***-**-4143,GA
409,Andrea,Andrea,10-07-1981,***-**-3882,KY
629,Samuel,Samuel,09-02-1992,***-**-2267,OK
305,Jennifer,Jennifer,16-05-1962,***-**-7541,OR
297,Rodney,Rodney,14-06-1985,***-**-4949,NE
133,Dustin,Dustin,18-12-1990,***-**-3364,OR
125,Krista,Krista,30-09-1969,***-**-0563,SD
106,Luis,Luis,01-02-1977,***-**-4894,NV
335,Cassandra,Cassandra,01-12-1991,***-**-0203,AL
648,Ruth,Ruth,21-07-1990,***-**-7608,NE
332,Pamela,Pamela,15-08-1987,***-**-3302,CT
175,Beth,Beth,08-12-1961,***-**-1371,MN
104,Christopher,Christopher,26-04-1977,***-**-9812,WY
314,Amanda,Amanda,03-09-1974,***-**-7153,MA
551,Joseph,Joseph,24-10-1959,***-**-1644,OR
124,Maria,Maria,24-11-1979,***-**-9488,WV
8,Kevin,Kevin,05-09-1962,***-**-5605,WV
251,Brian,Brian,15-07-1962,***-**-0510,WV
643,Jeffrey,Jeffrey,21-06-1958,***-**-6490,MO
238,David,David,05-09-1961,***-**-8396,FL
303,Tracey,Tracey,28-02-1974,***-**-4596,NM
519,Cody,Cody,15-10-1982,***-**-7950,LA
178,Heather,Heather,09-05-1981,***-**-6848,KS
458,Erika,Erika,15-02-1960,***-**-9111,CO
207,Ronald,Ronald,22-11-1978,***-**-9020,KY
598,Ashley,Ashley,11-06-1991,***-**-5309,GA
352,Paul,Paul,02-11-1978,***-**-0964,IA
645,Nathan,Nathan,15-06-1964,***-**-5027,NY
146,Melissa,Melissa,06-10-1978,***-**-1193,MN
51,Mitchell,Mitchell,27-07-1989,***-**-7598,KY
512,Michael,Michael,18-04-1977,***-**-8249,OR
467,Crystal,Crystal,20-12-1972,***-**-8160,MD
179,Jasmine,Jasmine,04-12-1957,***-**-0602,WV
54,Chase,Chase,04-05-1985,***-**-1229,KS
570,Shawn,Shawn,10-04-1961,***-**-4240,MN
527,Chris,Chris,24-01-1970,***-**-1013,SC
288,Carla,Carla,05-05-1969,***-**-6182,AL
382,Kimberly,Kimberly,30-01-1985,***-**-5610,CA
408,Lori,Lori,05-10-1992,***-**-4062,NY
147,Jennifer,Jennifer,25-02-1994,***-**-7025,ME
198,John,John,09-03-1986,***-**-1494,CO
194,Joanne,Joanne,28-06-1974,***-**-6922,LA
206,David,David,27-12-1978,***-**-4274,DE
76,Scott,Scott,03-04-1985,***-**-5144,AR
432,Andrew,Andrew,08-04-1970,***-**-3511,IA
